juristic_id,company_name,juristic_type,status,business_type_code,business_type_name,province,registered_capital_baht,total_revenue_baht,net_profit_baht,total_assets_baht,shareholders_equity_baht,profile_url
0105535027463,พี พี ปริ๊นเซส รีสอร์ท จำกัด,บริษัทจำกัด,ยังดำเนินกิจการอยู่,56101,การบริการด้านอาหารในภัตตาคาร/ร้านอาหาร,กระบี่,250000000.0,124865383.57,10627503.19,564448073.62,324292705.04,https://datawarehouse.dbd.go.th/company/profile/0105535027463
0105536062963,พิมาลัย รีสอร์ท แอนด์ สปา จำกัด,บริษัทจำกัด,ยังดำเนินกิจการอยู่,55101,โรงแรม รีสอร์ทและห้องชุด,กระบี่,150000000.0,417008259.0,69786859.0,486037332.0,202490926.0,https://datawarehouse.dbd.go.th/company/profile/0105536062963
0105537055847,เดอะ ทับแขก รีสอร์ท จำกัด,บริษัทจำกัด,ยังดำเนินกิจการอยู่,55101,โรงแรม รีสอร์ทและห้องชุด,กระบี่,70000000.0,282238609.51,15600648.04,464012738.92,77418382.43,https://datawarehouse.dbd.go.th/company/profile/0105537055847
0105542095746,เซ็นทรัลกระบี่เบย์รีสอร์ท จำกัด,บริษัทจำกัด,ยังดำเนินกิจการอยู่,55101,โรงแรม รีสอร์ทและห้องชุด,กระบี่,500000000.0,571735991.0,111096465.0,2125219005.0,1713574107.0,https://datawarehouse.dbd.go.th/company/profile/0105542095746
0105546036922,รวิวาริน รีสอร์ทแอนด์สปา จำกัด,บริษัทจำกัด,ยังดำเนินกิจการอยู่,55101,โรงแรม รีสอร์ทและห้องชุด,กระบี่,700000000.0,219913450.0,31535682.0,251526468.0,221273531.0,https://datawarehouse.dbd.go.th/company/profile/0105546036922
0105554039625,ไบโอเทคออยล์ จำกัด,บริษัทจำกัด,ยังดำเนินกิจการอยู่,10420,การผลิตน้ำมันปาล์ม,กระบี่,180000000.0,1777523287.7,53925214.61,350898057.14,293765568.51,https://datawarehouse.dbd.go.th/company/profile/0105554039625
0105559037469,ศาลาแดง ลอดจ์ จำกัด,บริษัทจำกัด,ยังดำเนินกิจการอยู่,68104,การเช่าและการดำเนินการเกี่ยวกับอสังหาริมทรัพย์ที่เป็นของ ตนเองหรือเช่าจากผู้อื่นที่ไม่ใช่เพื่อเป็นที่พักอาศัย,กระบี่,41000000.0,151962349.51,26523403.38,127540125.36,51368459.09,https://datawarehouse.dbd.go.th/company/profile/0105559037469
0125539005511,โภคีธรา รีสอร์ท แอนด์ สปา จำกัด,บริษัทจำกัด,ยังดำเนินกิจการอยู่,55101,โรงแรม รีสอร์ทและห้องชุด,กระบี่,1200000000.0,481715960.71,67084285.77,766588486.94,649158748.26,https://datawarehouse.dbd.go.th/company/profile/0125539005511
0235496000015,ศรีผ่องพาณิชย์ จำกัด,บริษัทจำกัด,ยังดำเนินกิจการอยู่,47300,การขายปลีกเชื้อเพลิงยานยนต์ในร้านค้าเฉพาะ สถานี ปั๊ม,กระบี่,40000000.0,158060767.3,831092.33,157073026.18,36233288.75,https://datawarehouse.dbd.go.th/company/profile/0235496000015
0735555002517,ชอบทอง จำกัด,บริษัทจำกัด,ยังดำเนินกิจการอยู่,10420,การผลิตน้ำมันปาล์ม,กระบี่,10000000.0,124648002.28,7880061.0,44278167.11,-25319574.95,https://datawarehouse.dbd.go.th/company/profile/0735555002517
0105492000496,กมลสุโกศล จำกัด,บริษัทจำกัด,ยังดำเนินกิจการอยู่,68103,การเช่าและการดำเนินการเกี่ยวกับอสังหาริมทรัพย์ที่เป็น ของตนเองหรือเช่าจากผู้อื่นเพื่อเป็นที่พักอาศัย,กรุงเทพมหานคร,110450000,164056013.57,77538957.11,910298770.4,714272527.7,https://datawarehouse.dbd.go.th/company/profile/0105492000496
0105499001170,5 พระเจดีย์โอสถ จำกัด,บริษัทจำกัด,ยังดำเนินกิจการอยู่,21002,การผลิตผลิตภัณฑ์จากพืชและสัตว์ที่ใช้รักษาโรค,กรุงเทพมหานคร,27000000,116363145.68,2837580.65,105150926.98,85533331.12,https://datawarehouse.dbd.go.th/company/profile/0105499001170
0105510003641,3 เอ็ม ประเทศไทย จำกัด,บริษัทจำกัด,ยังดำเนินกิจการอยู่,17092,การผลิตอุปกรณ์เครื่องเขียนจากกระดาษ,กรุงเทพมหานคร,30000000,10066712534,823469267,6573368276,4312315195,https://datawarehouse.dbd.go.th/company/profile/0105510003641
0105516010551,กมลสุโกศล อีเล็คทริค จำกัด,บริษัทจำกัด,ยังดำเนินกิจการอยู่,47595,ร้านขายปลีกเครื่องใช้ไฟฟ้าชนิดในครัวเรือน,กรุงเทพมหานคร,114970000,514367877.91,108534826.51,690475886.88,587480351.62,https://datawarehouse.dbd.go.th/company/profile/0105516010551
0105519001331,กนกสิน เอ๊กซปอร์ต อิมปอร์ต จำกัด,บริษัทจำกัด,ยังดำเนินกิจการอยู่,62090,กิจกรรมการบริการเทคโนโลยีสารสนเทศและคอมพิวเตอร์อื่นๆ,กรุงเทพมหานคร,80000000,241733905.45,3562916.66,195188104.49,102339400.57,https://datawarehouse.dbd.go.th/company/profile/0105519001331
0105519003504,กมลโลหะกิจ จำกัด,บริษัทจำกัด,ยังดำเนินกิจการอยู่,47524,ร้านขายปลีกวัสดุก่อสร้างอื่นๆ,กรุงเทพมหานคร,20000000,195949744.28,1078738.86,107058182.15,101454189.93,https://datawarehouse.dbd.go.th/company/profile/0105519003504
0105532112389,กมลอินดัสตรี จำกัด,บริษัทจำกัด,ยังดำเนินกิจการอยู่,28219,การผลิตเครื่องจักรอื่นๆที่ใช้ในทางการเกษตรและการป่าไม้ (ยกเว้นแทรกเตอร์ที่ใช้ในทางการเกษตรและงานป่าไม้),กรุงเทพมหานคร,130000000,113554290.96,3329717.35,654728541.81,115563270.32,https://datawarehouse.dbd.go.th/company/profile/0105532112389
0105534033834,3 พร จำกัด,บริษัทจำกัด,ยังดำเนินกิจการอยู่,41001,การก่อสร้างอาคารที่พักอาศัย,กรุงเทพมหานคร,105000000,1943102979.71,40449788.22,703630781.17,394376065.69,https://datawarehouse.dbd.go.th/company/profile/0105534033834
0105536117555,27 วิศวกรรม จำกัด,บริษัทจำกัด,ยังดำเนินกิจการอยู่,41002,การก่อสร้างอาคารที่ไม่ใช่ที่พักอาศัย,กรุงเทพมหานคร,100000000,1657096988.64,91013851.79,1945603035.03,1454359600.37,https://datawarehouse.dbd.go.th/company/profile/0105536117555
0105538034258,กรมดิษฐ์ คอร์ป จำกัด,บริษัทจำกัด,ยังดำเนินกิจการอยู่,68104,การเช่าและการดำเนินการเกี่ยวกับอสังหาริมทรัพย์ที่เป็นของ ตนเองหรือเช่าจากผู้อื่นที่ไม่ใช่เพื่อเป็นที่พักอาศัย,กรุงเทพมหานคร,250000000,190389726.69,83743582.35,1066099550.36,364688806.28,https://datawarehouse.dbd.go.th/company/profile/0105538034258
0105539125079,ก.เจริญการยาง จำกัด,บริษัทจำกัด,ยังดำเนินกิจการอยู่,45301,การขายส่งชิ้นส่วนและอุปกรณ์เสริมใหม่ของยานยนต์,กรุงเทพมหานคร,5000000,240291214.01,8683639.66,77797716.34,50405319.95,https://datawarehouse.dbd.go.th/company/profile/0105539125079
0105540015290,กฎหมาย เคพีเอ็มจี ภูมิไชย จำกัด,บริษัทจำกัด,ยังดำเนินกิจการอยู่,69100,กิจกรรมทางกฎหมาย,กรุงเทพมหานคร,10000000,115413852,15465645,101987719,29396936,https://datawarehouse.dbd.go.th/company/profile/0105540015290
0105541011107,ก.เจริญ ทอยส์ จำกัด,บริษัทจำกัด,ยังดำเนินกิจการอยู่,46434,การขายส่งเกมและของเล่น,กรุงเทพมหานคร,50000000,160590710.02,6886195.02,161794860.19,150939706.61,https://datawarehouse.dbd.go.th/company/profile/0105541011107
0105542085619,99 การปัก (1999) จำกัด,บริษัทจำกัด,ยังดำเนินกิจการอยู่,13999,การผลิตสิ่งทออื่น ๆ ซึ่งมิได้จัดประเภทไว้ในที่อื่น,กรุงเทพมหานคร,255000000,149349966.06,1333514.16,377231568.7,256364104.15,https://datawarehouse.dbd.go.th/company/profile/0105542085619
0105544000157,กฎหมายเอสซีจี  จำกัด,บริษัทจำกัด,ยังดำเนินกิจการอยู่,69100,กิจกรรมทางกฎหมาย,กรุงเทพมหานคร,20000000,285643911,45556543,363001911,255616703,https://datawarehouse.dbd.go.th/company/profile/0105544000157
0105544118042,กรณิศ ก่อสร้าง จำกัด,บริษัทจำกัด,ยังดำเนินกิจการอยู่,41001,การก่อสร้างอาคารที่พักอาศัย,กรุงเทพมหานคร,280000000,1679424621.02,6465444.1,1450911021.15,755462264.87,https://datawarehouse.dbd.go.th/company/profile/0105544118042
0105545058582,กรบดินทร์ อินเตอร์เทรด จำกัด,บริษัทจำกัด,ยังดำเนินกิจการอยู่,46522,การขายส่งโทรศัพท์และอุปกรณ์การสื่อสารโทรคมนาคม,กรุงเทพมหานคร,15000000,150872181.22,5653361.05,119256729.28,2325401.53,https://datawarehouse.dbd.go.th/company/profile/0105545058582
0105546050054,กมลจักรวาล (2003) จำกัด,บริษัทจำกัด,ยังดำเนินกิจการอยู่,20299,การผลิตผลิตภัณฑ์เคมีอื่น ๆ ซึ่งมิได้จัดประเภทไว้ในที่อื่น,กรุงเทพมหานคร,5000000,163597388,2168215,76036803,61276710,https://datawarehouse.dbd.go.th/company/profile/0105546050054
0105546069154,35 ลายน์ อินโนเวชั่น จำกัด,บริษัทจำกัด,ยังดำเนินกิจการอยู่,90002,กิจกรรมด้านความบันเทิง,กรุงเทพมหานคร,5000000,141249663.33,6305752.73,58591821.1,-1603329.63,https://datawarehouse.dbd.go.th/company/profile/0105546069154
0105547008892,กรกฤช เปเปอร์ กรุ๊ป จำกัด,บริษัทจำกัด,ยังดำเนินกิจการอยู่,46431,การขายส่งหนังสือหนังสือพิมพ์และเครื่องเขียน,กรุงเทพมหานคร,5000000,392496875.85,242487.11,100213135.36,33256978.33,https://datawarehouse.dbd.go.th/company/profile/0105547008892
0105547042446,1577 โฮมชอปปิ้ง  จำกัด,บริษัทจำกัด,ยังดำเนินกิจการอยู่,70202,กิจกรรมให้คำปรึกษาด้านการบริหารจัดการการเงิน,กรุงเทพมหานคร,14000000,1404061954.55,88534853.66,1548373022.55,929469906.77,https://datawarehouse.dbd.go.th/company/profile/0105547042446
0105547123446,1688มีเดีย  จำกัด,บริษัทจำกัด,ยังดำเนินกิจการอยู่,73101,กิจกรรมของบริษัทโฆษณา,กรุงเทพมหานคร,10000000,122623086.47,7115293.12,59440919.21,15778151.65,https://datawarehouse.dbd.go.th/company/profile/0105547123446
0105548009442,ก.ส. 54. จำกัด,บริษัทจำกัด,ยังดำเนินกิจการอยู่,41002,การก่อสร้างอาคารที่ไม่ใช่ที่พักอาศัย,กรุงเทพมหานคร,100000000,297018316.3,12080629.45,227921337.52,172660926.76,https://datawarehouse.dbd.go.th/company/profile/0105548009442
0105549044446,กนก โปรดักส์  จำกัด,บริษัทจำกัด,ยังดำเนินกิจการอยู่,28219,การผลิตเครื่องจักรอื่นๆที่ใช้ในทางการเกษตรและการป่าไม้ (ยกเว้นแทรกเตอร์ที่ใช้ในทางการเกษตรและงานป่าไม้),กรุงเทพมหานคร,10000000,612732610.05,2562735.85,324799002.31,25272922.4,https://datawarehouse.dbd.go.th/company/profile/0105549044446
0105549093692,689 ก่อสร้าง จำกัด,บริษัทจำกัด,ยังดำเนินกิจการอยู่,41002,การก่อสร้างอาคารที่ไม่ใช่ที่พักอาศัย,กรุงเทพมหานคร,10000000,223235586.15,21364884.65,219552272.75,178472132.9,https://datawarehouse.dbd.go.th/company/profile/0105549093692
0105549129549,888 มีเดีย  จำกัด,บริษัทจำกัด,ยังดำเนินกิจการอยู่,73101,กิจกรรมของบริษัทโฆษณา,กรุงเทพมหานคร,20000000,125651459,45035416,101766947,67539063,https://datawarehouse.dbd.go.th/company/profile/0105549129549
0105549137932,984 พอดี จำกัด,บริษัทจำกัด,ยังดำเนินกิจการอยู่,46319,การขายส่งผลิตภัณฑ์อาหารอื่นๆซึ่งมิได้จัดประเภทไว้ในที่อื่น,กรุงเทพมหานคร,30000000,385758901.07,-2803683.37,321236908.58,30731703.1,https://datawarehouse.dbd.go.th/company/profile/0105549137932
0105550093862,29 บิวดิง จำกัด,บริษัทจำกัด,ยังดำเนินกิจการอยู่,41002,การก่อสร้างอาคารที่ไม่ใช่ที่พักอาศัย,กรุงเทพมหานคร,50000000,891974120.25,46396781.05,271084574.61,145750560.96,https://datawarehouse.dbd.go.th/company/profile/0105550093862
0105552095587,99 พลัส จำกัด,บริษัทจำกัด,ยังดำเนินกิจการอยู่,22199,การผลิตผลิตภัณฑ์ยางอื่น ๆ ซึ่งมิได้จัดประเภทไว้ในที่อื่น,กรุงเทพมหานคร,10000000,320707476.06,71377916.18,208164801.07,112864648.1,https://datawarehouse.dbd.go.th/company/profile/0105552095587
0105553036100,123 เซอร์วิส  จำกัด,บริษัทจำกัด,ยังดำเนินกิจการอยู่,66192,กิจกรรมการประมวลผลและการเรียกชำระเงินสำหรับธุรกรรม ทางการเงิน,กรุงเทพมหานคร,10000000,589399152,-96186472,1160255002,230246346,https://datawarehouse.dbd.go.th/company/profile/0105553036100
0105553040468,9889 (ประเทศไทย) จำกัด,บริษัทจำกัด,ยังดำเนินกิจการอยู่,47749,ร้านขายปลีกสินค้าใช้แล้วอื่นๆซึ่งมิได้จัดประเภทไว้ในที่อื่น,กรุงเทพมหานคร,21000000,192923947.17,3957623.92,156982607.43,27296292.32,https://datawarehouse.dbd.go.th/company/profile/0105553040468
0105553082276,กฎหมายยุกต์วิวัฒน์ จำกัด,บริษัทจำกัด,ยังดำเนินกิจการอยู่,69100,กิจกรรมทางกฎหมาย,กรุงเทพมหานคร,5000000,209784698.43,19360606.15,145177791.44,100165278.63,https://datawarehouse.dbd.go.th/company/profile/0105553082276
0105553149699,52 โมเดิร์นไบค์ จำกัด,บริษัทจำกัด,ยังดำเนินกิจการอยู่,45401,การขายจักรยานยนต์,กรุงเทพมหานคร,5000000,401491189.35,2043949.34,103851021.82,32894499.34,https://datawarehouse.dbd.go.th/company/profile/0105553149699
0105554012069,17 อัญญวีร์ โฮลดิ้ง จำกัด,บริษัทจำกัด,ยังดำเนินกิจการอยู่,35101,การผลิตและการส่งไฟฟ้า,กรุงเทพมหานคร,1320000000,653226110,21108470,5773401224,1384879002,https://datawarehouse.dbd.go.th/company/profile/0105554012069
0105554015335,198 คิทเช่น จำกัด,บริษัทจำกัด,ยังดำเนินกิจการอยู่,56101,การบริการด้านอาหารในภัตตาคาร/ร้านอาหาร,กรุงเทพมหานคร,10000000,122194929.9,5159568.73,44099062.55,16031471.37,https://datawarehouse.dbd.go.th/company/profile/0105554015335
0105555021134,3 เอ็ม อินโนเวชั่น (ไทยแลนด์) จำกัด,บริษัทจำกัด,ยังดำเนินกิจการอยู่,17092,การผลิตอุปกรณ์เครื่องเขียนจากกระดาษ,กรุงเทพมหานคร,345225000,2953967444,17896882,2897920549,482359095,https://datawarehouse.dbd.go.th/company/profile/0105555021134
0105555171861,7 มกรา จำกัด,บริษัทจำกัด,ยังดำเนินกิจการอยู่,41001,การก่อสร้างอาคารที่พักอาศัย,กรุงเทพมหานคร,100000000,1347770715.44,-8770339.73,1014781812.22,243708921.09,https://datawarehouse.dbd.go.th/company/profile/0105555171861
0105556049491,168 เคซีพี จำกัด,บริษัทจำกัด,ยังดำเนินกิจการอยู่,32111,การผลิตเครื่องประดับจากอัญมณีและโลหะมีค่า,กรุงเทพมหานคร,25000000,149555973.14,5511581.05,88668094.97,53118034.56,https://datawarehouse.dbd.go.th/company/profile/0105556049491
0105556054311,กมลา เบย์ เวนเจอร์ส จำกัด,บริษัทจำกัด,ยังดำเนินกิจการอยู่,55101,โรงแรม รีสอร์ทและห้องชุด,กรุงเทพมหานคร,705000000,682968273,21819589,1177625546,-625041028,https://datawarehouse.dbd.go.th/company/profile/0105556054311
0105556196761,12โก (ไทยแลนด์) จำกัด,บริษัทจำกัด,ยังดำเนินกิจการอยู่,79909,กิจกรรมบริการสำรองอื่นๆและกิจกรรมที่เกี่ยวข้องซึ่งมิได้ จัดประเภทไว้ในที่อื่น,กรุงเทพมหานคร,25500000,622934038,-4252451,585077332,77689676,https://datawarehouse.dbd.go.th/company/profile/0105556196761
0105557000843,3พี โลจิสติกส์ จำกัด,บริษัทจำกัด,ยังดำเนินกิจการอยู่,49323,การขนส่งและขนถ่ายสินค้า รวมถึงคนโดยสาร,กรุงเทพมหานคร,5000000,220977643.57,1987523.39,61783578.23,25617350.6,https://datawarehouse.dbd.go.th/company/profile/0105557000843
0105557059732,360 มาร์เก็ตติ้ง เซอร์วิสเซส จำกัด,บริษัทจำกัด,ยังดำเนินกิจการอยู่,78109,กิจกรรมของสำนักงานจัดหางานหรือตัวแทนจัดหางานอื่นๆ ซึ่งมิได้จัดประเภทไว้ในที่อื่น,กรุงเทพมหานคร,10000000,396784969.97,7345706.08,115644156.57,19724058.89,https://datawarehouse.dbd.go.th/company/profile/0105557059732
0105558087829,ก.อ. 19 ก่อสร้าง จำกัด,บริษัทจำกัด,ยังดำเนินกิจการอยู่,41002,การก่อสร้างอาคารที่ไม่ใช่ที่พักอาศัย,กรุงเทพมหานคร,5000000,602477199.27,12043163.37,145835268.87,42851003.53,https://datawarehouse.dbd.go.th/company/profile/0105558087829
0105559001081,42 ดีไซน์ แอนด์ เซอร์วิส 2015 จำกัด,บริษัทจำกัด,ยังดำเนินกิจการอยู่,31009,การผลิตเฟอร์นิเจอร์ที่ทำจากวัสดุอื่นๆ (ยกเว้น หิน คอนกรีต หรือเซรามิก),กรุงเทพมหานคร,5000000,135240245,15519850.95,39488089.08,34616065.48,https://datawarehouse.dbd.go.th/company/profile/0105559001081
0105559017620,824 จำกัด,บริษัทจำกัด,ยังดำเนินกิจการอยู่,45101,การขายยานยนต์ใหม่ชนิดรถยนต์นั่งส่วนบุคคลรถกระบะรถตู้ และรถขนาดเล็กที่คล้ายกัน,กรุงเทพมหานคร,5000000,787886395.35,4930520.75,83622619.4,33020974.59,https://datawarehouse.dbd.go.th/company/profile/0105559017620
0105559075115,3บี ไซเอนทิฟิค (เซาท์อีสท์เอเชีย) จำกัด,บริษัทจำกัด,ยังดำเนินกิจการอยู่,46441,การขายส่งสินค้าทางเภสัชภัณฑ์และทางการแพทย์,กรุงเทพมหานคร,10000000,102657935.14,26203652.04,37739104.46,19448297.71,https://datawarehouse.dbd.go.th/company/profile/0105559075115
0105559130531,158 เทคโนโลยี จำกัด,บริษัทจำกัด,ยังดำเนินกิจการอยู่,46530,การขายส่งเครื่องจักรอุปกรณ์และเครื่องใช้ทางการเกษตร,กรุงเทพมหานคร,10000000,386591137.6,14506432.74,139371559.97,72474344.47,https://datawarehouse.dbd.go.th/company/profile/0105559130531
0105560019835,55 เอ็นจิเนียริ่ง พลัส จำกัด,บริษัทจำกัด,ยังดำเนินกิจการอยู่,81300,การบริการดูแลและบำรุงรักษาภูมิทัศน์,กรุงเทพมหานคร,5000000,161093288.98,18916267.35,132240769.55,89019949.28,https://datawarehouse.dbd.go.th/company/profile/0105560019835
0105560103071,425ดีกรี จำกัด,บริษัทจำกัด,ยังดำเนินกิจการอยู่,47911,การขายปลีกโดยการรับสั่งสินค้าทางไปรษณีย์โทรทัศน์วิทยุ และโทรศัพท์,กรุงเทพมหานคร,16800000,609768658.16,15219576.44,172770548.54,78388117.5,https://datawarehouse.dbd.go.th/company/profile/0105560103071
0105560109044,192 รอยัล โลจิสติกส์ จำกัด,บริษัทจำกัด,ยังดำเนินกิจการอยู่,77101,การให้เช่าและให้เช่าแบบลิสซิ่งยานยนต์ชนิดนั่งส่วนบุคคล รถกระบะรถตู้และรถขนาดเล็กที่คล้ายกัน,กรุงเทพมหานคร,10000000,102671698.18,10253028.2,199427042.57,28525974.64,https://datawarehouse.dbd.go.th/company/profile/0105560109044
0105560148023,212 อินเตอร์เนชั่นแนล จำกัด,บริษัทจำกัด,ยังดำเนินกิจการอยู่,47732,ร้านขายปลีกเครื่องประดับ,กรุงเทพมหานคร,6000000,145582303.34,2625026.58,107118417.99,19104159.23,https://datawarehouse.dbd.go.th/company/profile/0105560148023
0105561084118,14 ออโตโมชั่น จำกัด,บริษัทจำกัด,ยังดำเนินกิจการอยู่,45101,การขายยานยนต์ใหม่ชนิดรถยนต์นั่งส่วนบุคคลรถกระบะรถตู้ และรถขนาดเล็กที่คล้ายกัน,กรุงเทพมหานคร,30000000,472741041.5,24551316.33,219967136.28,36163831.09,https://datawarehouse.dbd.go.th/company/profile/0105561084118
0105561135065,3เอ็นพีพี จำกัด,บริษัทจำกัด,ยังดำเนินกิจการอยู่,46612,การขายส่งเชื้อเพลิงเหลว,กรุงเทพมหานคร,50000000,138958001.99,1686856.99,53626362.3,53254110.76,https://datawarehouse.dbd.go.th/company/profile/0105561135065
0105561151079,99 โปร จำกัด,บริษัทจำกัด,ยังดำเนินกิจการอยู่,41001,การก่อสร้างอาคารที่พักอาศัย,กรุงเทพมหานคร,100000000,197132597,21528400,742855590,130128037,https://datawarehouse.dbd.go.th/company/profile/0105561151079
0105561169628,33 โปร จำกัด,บริษัทจำกัด,ยังดำเนินกิจการอยู่,41001,การก่อสร้างอาคารที่พักอาศัย,กรุงเทพมหานคร,100000000,352156641,86381644,339481767,190900689,https://datawarehouse.dbd.go.th/company/profile/0105561169628
0105562057467,11 โปร จำกัด,บริษัทจำกัด,ยังดำเนินกิจการอยู่,68104,การเช่าและการดำเนินการเกี่ยวกับอสังหาริมทรัพย์ที่เป็นของ ตนเองหรือเช่าจากผู้อื่นที่ไม่ใช่เพื่อเป็นที่พักอาศัย,กรุงเทพมหานคร,325000000,109368837,30882850,576615033,274053188,https://datawarehouse.dbd.go.th/company/profile/0105562057467
0105562126361,2เอ็นเค เอเจนซี่ จำกัด,บริษัทจำกัด,ยังดำเนินกิจการอยู่,47723,ร้านขายปลีกเครื่องสำอาง,กรุงเทพมหานคร,5000000,185264877.37,2870002.66,24548619.09,15143941.11,https://datawarehouse.dbd.go.th/company/profile/0105562126361
0105562175591,7  มกรา  พลัส จำกัด,บริษัทจำกัด,ยังดำเนินกิจการอยู่,41001,การก่อสร้างอาคารที่พักอาศัย,กรุงเทพมหานคร,20000000,840420997.67,31237708.1,241886076.86,44725231.94,https://datawarehouse.dbd.go.th/company/profile/0105562175591
0105562209364,14 ออโต้มาร์ค จำกัด,บริษัทจำกัด,ยังดำเนินกิจการอยู่,45101,การขายยานยนต์ใหม่ชนิดรถยนต์นั่งส่วนบุคคลรถกระบะรถตู้ และรถขนาดเล็กที่คล้ายกัน,กรุงเทพมหานคร,55000000,521965344.59,-17631941.25,258828834.32,12259059.55,https://datawarehouse.dbd.go.th/company/profile/0105562209364
0105563137251,28 โปร จำกัด,บริษัทจำกัด,ยังดำเนินกิจการอยู่,47912,การขายปลีกทางอินเทอร์เน็ต,กรุงเทพมหานคร,16000200,185982897.43,-8616921.59,158529557.65,9701348.26,https://datawarehouse.dbd.go.th/company/profile/0105563137251
0105565002868,2022 เอ็นไวรอนเมนทอล ไซเอนซ์ (ประเทศไทย) จำกัด,บริษัทจำกัด,ยังดำเนินกิจการอยู่,46692,การขายส่งปุ๋ยและเคมีภัณฑ์ทางการเกษตร,กรุงเทพมหานคร,100000000,568591354,67947752,510035945,86097165,https://datawarehouse.dbd.go.th/company/profile/0105565002868
0105565126362,304 ดีเวลลอปเม้นท์ จำกัด,บริษัทจำกัด,ยังดำเนินกิจการอยู่,68102,การซื้อและการขายอสังหาริมทรัพย์ที่เป็นของตนเองที่ไม่ใช่ เพื่อเป็นที่พักอาศัย,กรุงเทพมหานคร,5000000,128686701.11,11766662.42,134835605.82,14723008.61,https://datawarehouse.dbd.go.th/company/profile/0105565126362
0105565194384,กรกันยา ฟาร์มาซี จำกัด,บริษัทจำกัด,ยังดำเนินกิจการอยู่,47721,ร้านขายปลีกสินค้าทางเภสัชภัณฑ์และเวชภัณฑ์,กรุงเทพมหานคร,10000000,213660153.17,2796960.4,64533964.62,13617208.39,https://datawarehouse.dbd.go.th/company/profile/0105565194384
0105566109127,77 โฟรเซ่น ฟู้ด ซัพพลาย (ประเทศไทย) จำกัด,บริษัทจำกัด,ยังดำเนินกิจการอยู่,46311,การขายส่งเนื้อสัตว์และผลิตภัณฑ์เนื้อสัตว์,กรุงเทพมหานคร,5000000,458395109.77,859550.62,7570778.49,6592476.65,https://datawarehouse.dbd.go.th/company/profile/0105566109127
0107567000392,88(ไทยแลนด์) จำกัด (มหาชน),บริษัทมหาชนจำกัด,ยังดำเนินกิจการอยู่,46443,การขายส่งเครื่องสำอาง,กรุงเทพมหานคร,212500000,475215601,55704434,291473808,231732394,https://datawarehouse.dbd.go.th/company/profile/0107567000392
0125538005550,3 เอ เซ็นเตอร์ จำกัด,บริษัทจำกัด,ยังดำเนินกิจการอยู่,22299,การผลิตผลิตภัณฑ์พลาสติกอื่น ๆ ซึ่งมิได้จัดประเภทไว้ในที่อื่น,กรุงเทพมหานคร,20000000,362111581.49,1776015.36,162778626.54,45613965.86,https://datawarehouse.dbd.go.th/company/profile/0125538005550
0125555023943,2499 คอนสตรัคชั่น แอนด์ ดีเวลลอปเมนท์  จำกัด,บริษัทจำกัด,ยังดำเนินกิจการอยู่,41002,การก่อสร้างอาคารที่ไม่ใช่ที่พักอาศัย,กรุงเทพมหานคร,200000000,255624103.35,6098425.34,264706057.58,61263505.76,https://datawarehouse.dbd.go.th/company/profile/0125555023943
0715535000039,กนกกาญจน์ดีพาร์ทเม้นท์สโตร์ จำกัด,บริษัทจำกัด,ยังดำเนินกิจการอยู่,47190,การขายปลีกสินค้าอื่นๆในร้านค้าทั่วไป,กาญจนบุรี,5500000,374051581.71,5779719.03,151749499.1,56190753.54,https://datawarehouse.dbd.go.th/company/profile/0715535000039
0465553000021,กมลาไสย ไบโอ เพาเวอร์ 2010 จำกัด,บริษัทจำกัด,ยังดำเนินกิจการอยู่,35101,การผลิตและการส่งไฟฟ้า,กาฬสินธุ์,160000000,298046737.56,27747910.15,519391780.04,444723044.39,https://datawarehouse.dbd.go.th/company/profile/0465553000021
0465562000535,500 ไมล์ จำกัด,บริษัทจำกัด,ยังดำเนินกิจการอยู่,42909,การก่อสร้างโครงการวิศวกรรมโยธาอื่นๆซึ่งมิได้จัดประเภทไว้ในที่อื่น,กาฬสินธุ์,120000000,457960525.9,6579508.95,648832568.69,233091863.53,https://datawarehouse.dbd.go.th/company/profile/0465562000535
0625558000061,3พี ไรซ์ จำกัด,บริษัทจำกัด,ยังดำเนินกิจการอยู่,46201,การขายส่งข้าวเปลือกและธัญพืชอื่นๆ,กำแพงเพชร,15000000,150043442.34,106025.81,28158608.21,1866248.09,https://datawarehouse.dbd.go.th/company/profile/0625558000061
0405559003201,กรธวัช บิสซิเนส จำกัด,บริษัทจำกัด,ยังดำเนินกิจการอยู่,47300,การขายปลีกเชื้อเพลิงยานยนต์ในร้านค้าเฉพาะ สถานี ปั๊ม,ขอนแก่น,5000000,135745646.39,336076.22,47334274.01,5970633.88,https://datawarehouse.dbd.go.th/company/profile/0405559003201
0275558000153,888 ดิสทริบิวเตอร์ จำกัด,บริษัทจำกัด,ยังดำเนินกิจการอยู่,47190,การขายปลีกสินค้าอื่นๆในร้านค้าทั่วไป,จันทบุรี,10000000,294540144.22,2825414.66,48281512.93,21656424.37,https://datawarehouse.dbd.go.th/company/profile/0275558000153
0115544000033,304 อินดัสเตรียล ปาร์ค 2  จำกัด,บริษัทจำกัด,ยังดำเนินกิจการอยู่,68104,การเช่าและการดำเนินการเกี่ยวกับอสังหาริมทรัพย์ที่เป็นของ ตนเองหรือเช่าจากผู้อื่นที่ไม่ใช่เพื่อเป็นที่พักอาศัย,ฉะเชิงเทรา,1320000000,258676797.04,-6619562.83,2389295860.52,1278798795.53,https://datawarehouse.dbd.go.th/company/profile/0115544000033
0245548001106,8 สุ ไก่รุ่นฟาร์ม จำกัด,บริษัทจำกัด,ยังดำเนินกิจการอยู่,01462,การเลี้ยงไก่เนื้อ,ฉะเชิงเทรา,20000000,144684018.57,1507947.14,135470261.73,-53451870.75,https://datawarehouse.dbd.go.th/company/profile/0245548001106
0245555001566,กมลรุ่งเรือง จำกัด,บริษัทจำกัด,ยังดำเนินกิจการอยู่,70209,กิจกรรมให้คำปรึกษาด้านการบริหารจัดการอื่นๆซึ่งมิได้จัด ประเภทไว้ในที่อื่น,ฉะเชิงเทรา,5000000,129468024.44,1138761.81,57861028.12,17323101.58,https://datawarehouse.dbd.go.th/company/profile/0245555001566
0245556001381,357 แจ่มไพบูลย์ จำกัด,บริษัทจำกัด,ยังดำเนินกิจการอยู่,47300,การขายปลีกเชื้อเพลิงยานยนต์ในร้านค้าเฉพาะ สถานี ปั๊ม,ฉะเชิงเทรา,9000000,132025138.84,511496.72,38324958.83,14584101.45,https://datawarehouse.dbd.go.th/company/profile/0245556001381
0245561003273,ก.การปิโตรเลียม จำกัด,บริษัทจำกัด,ยังดำเนินกิจการอยู่,47300,การขายปลีกเชื้อเพลิงยานยนต์ในร้านค้าเฉพาะ สถานี ปั๊ม,ฉะเชิงเทรา,5000000,210511057.47,-2513882.67,58378539.82,-2382857.02,https://datawarehouse.dbd.go.th/company/profile/0245561003273
0245566001341,ก.ทวีทรัพย์ค้าวัสดุ จำกัด,บริษัทจำกัด,ยังดำเนินกิจการอยู่,47524,ร้านขายปลีกวัสดุก่อสร้างอื่นๆ,ฉะเชิงเทรา,14500000,328058949.8,193708.64,205068359.29,55354129.79,https://datawarehouse.dbd.go.th/company/profile/0245566001341
0105560201269,196 จำกัด,บริษัทจำกัด,ยังดำเนินกิจการอยู่,55101,โรงแรม รีสอร์ทและห้องชุด,ชลบุรี,100000000,157788576.26,-47277110.26,936908935.1,42682308.9,https://datawarehouse.dbd.go.th/company/profile/0105560201269
0205555029096,99 กะรัต คอนกรีต จำกัด,บริษัทจำกัด,ยังดำเนินกิจการอยู่,47524,ร้านขายปลีกวัสดุก่อสร้างอื่นๆ,ชลบุรี,18000000,110932045.6,1761249.56,28312954.71,4049107.12,https://datawarehouse.dbd.go.th/company/profile/0205555029096
0205556026741,24เค จำกัด,บริษัทจำกัด,ยังดำเนินกิจการอยู่,55101,โรงแรม รีสอร์ทและห้องชุด,ชลบุรี,10000000,112328497.6,1287562.8,207076086.65,14211267.1,https://datawarehouse.dbd.go.th/company/profile/0205556026741
0205557003744,กรปัญจทรัพย์ จำกัด,บริษัทจำกัด,ยังดำเนินกิจการอยู่,46695,การขายส่งของเสียและเศษวัสดุเพื่อนำกลับมาใช้ใหม่,ชลบุรี,5000000,119137983.1,1171410.03,37875029.55,8822079.25,https://datawarehouse.dbd.go.th/company/profile/0205557003744
0205561008089,331 ราชาคัลเล็ต จำกัด,บริษัทจำกัด,ยังดำเนินกิจการอยู่,47749,ร้านขายปลีกสินค้าใช้แล้วอื่นๆซึ่งมิได้จัดประเภทไว้ในที่อื่น,ชลบุรี,120000000,191859312.93,6575149.67,178481170.96,130013075.33,https://datawarehouse.dbd.go.th/company/profile/0205561008089
0365563000092,3 เอ็น ทรานสปอร์ต จำกัด,บริษัทจำกัด,ยังดำเนินกิจการอยู่,49323,การขนส่งและขนถ่ายสินค้า รวมถึงคนโดยสาร,ชัยภูมิ,15000000,263937615.5,4147581.07,188227996.93,45735566.34,https://datawarehouse.dbd.go.th/company/profile/0365563000092
0735547002198,กมลรัตน์รุ่งเรือง ฟูดส์ จำกัด,บริษัทจำกัด,ยังดำเนินกิจการอยู่,10302,การผลิตผลไม้และผักบรรจุกระป๋อง,นครปฐม,30000000,277761992.97,858978.17,180989219.12,11491906.44,https://datawarehouse.dbd.go.th/company/profile/0735547002198
0305525000498,505 โภคภัณฑ์ จำกัด,บริษัทจำกัด,ยังดำเนินกิจการอยู่,10742,การผลิตเส้นก๋วยเตี๋ยว บะหมี่ วุ้นเส้น,นครราชสีมา,50000000,227202159.83,2740497.9,237828517.74,78997264.39,https://datawarehouse.dbd.go.th/company/profile/0305525000498
0305546001582,89 เกษตรภัณฑ์ จำกัด,บริษัทจำกัด,ยังดำเนินกิจการอยู่,01469,การเลี้ยงสัตว์ปีกอื่นๆ ซึ่งมิได้จัดประเภทไว้ในที่อื่น,นครราชสีมา,55000000,382150076.9,336586.26,153651419.15,132872853.9,https://datawarehouse.dbd.go.th/company/profile/0305546001582
0305555001182,89 ทรัพย์เจริญ จำกัด,บริษัทจำกัด,ยังดำเนินกิจการอยู่,01462,การเลี้ยงไก่เนื้อ,นครราชสีมา,35000000,256211236.44,344982.75,98580449.93,80141369.09,https://datawarehouse.dbd.go.th/company/profile/0305555001182
0305558001914,89เพิ่มพูนทรัพย์ จำกัด,บริษัทจำกัด,ยังดำเนินกิจการอยู่,01462,การเลี้ยงไก่เนื้อ,นครราชสีมา,35000000,250194075.39,245942.32,77106105.09,43380993.88,https://datawarehouse.dbd.go.th/company/profile/0305558001914
0305561004481,89 บุญเจริญ จำกัด,บริษัทจำกัด,ยังดำเนินกิจการอยู่,01462,การเลี้ยงไก่เนื้อ,นครราชสีมา,40000000,258093682.02,1195957.53,147524802.36,1815029.95,https://datawarehouse.dbd.go.th/company/profile/0305561004481
0305564002862,3 เอ็น ฟาร์ม จำกัด,บริษัทจำกัด,ยังดำเนินกิจการอยู่,01462,การเลี้ยงไก่เนื้อ,นครราชสีมา,100000000,346733797.89,-8369821.2,332932442.76,90836722.17,https://datawarehouse.dbd.go.th/company/profile/0305564002862
0305565005717,4 เอ็น ฟาร์ม จำกัด,บริษัทจำกัด,ยังดำเนินกิจการอยู่,01462,การเลี้ยงไก่เนื้อ,นครราชสีมา,100000000,262834191.81,-6969710.07,273916992.26,92964865.27,https://datawarehouse.dbd.go.th/company/profile/0305565005717
0805537001023,กมลพิศาลกระจกนิรภัย จำกัด,บริษัทจำกัด,ยังดำเนินกิจการอยู่,23101,การผลิตแก้ว/กระจกแผ่น,นครศรีธรรมราช,220000000,384550176.51,4148153.5,833072303.67,159336396.47,https://datawarehouse.dbd.go.th/company/profile/0805537001023
0605549000291,กนกวรรณฟาร์ม จำกัด,บริษัทจำกัด,ยังดำเนินกิจการอยู่,01469,การเลี้ยงสัตว์ปีกอื่นๆ ซึ่งมิได้จัดประเภทไว้ในที่อื่น,นครสวรรค์,140000000,1263468143.49,3297515.95,507471730.44,68375676.48,https://datawarehouse.dbd.go.th/company/profile/0605549000291
0105534080417,33 เอ็นจิเนียริ่ง จำกัด,บริษัทจำกัด,ยังดำเนินกิจการอยู่,46639,การขายส่งวัสดุก่อสร้างอื่นๆซึ่งมิได้จัดประเภทไว้ในที่อื่น,นนทบุรี,50000000,164134416.31,8088882.52,131564257.8,127939506.69,https://datawarehouse.dbd.go.th/company/profile/0105534080417
0105550061821,กมลา บีช รีสอร์ท แอนด์ โฮเต็ล แมนเนจเม้นท์ จำกัด,บริษัทจำกัด,ยังดำเนินกิจการอยู่,68101,การซื้อและการขายอสังหาริมทรัพย์ที่เป็นของตนเอง เพื่อการพักอาศัย,นนทบุรี,53750000,386393605.81,53116122.34,2236714722.9,60632231.16,https://datawarehouse.dbd.go.th/company/profile/0105550061821
0125535005745,ก. กิจเจริญอลูมิเนียมเส้น จำกัด,บริษัทจำกัด,ยังดำเนินกิจการอยู่,46622,การขายส่งเหล็กเหล็กกล้าและโลหะที่นอกกลุ่มเหล็กขั้นมูลฐาน,นนทบุรี,5000000,171096007.89,2050613.47,84636212.6,35315492.13,https://datawarehouse.dbd.go.th/company/profile/0125535005745
0125536000194,ก.แสนไทย ฟู๊ด จำกัด,บริษัทจำกัด,ยังดำเนินกิจการอยู่,10132,การผลิตไส้กรอกลูกชิ้นและผลิตภัณฑ์อื่นที่คล้ายกันที่ทำจาก เนื้อสัตว์และเนื้อสัตว์ปีก,นนทบุรี,40000000,131192142.87,5835515.99,56332784.38,-31040793.27,https://datawarehouse.dbd.go.th/company/profile/0125536000194
0125549002387,3 เอส อินทิเกรท เอ็นจิเนียริ่ง จำกัด,บริษัทจำกัด,ยังดำเนินกิจการอยู่,41002,การก่อสร้างอาคารที่ไม่ใช่ที่พักอาศัย,นนทบุรี,5000000,107280683.76,11037924.87,53338850.95,46125357.7,https://datawarehouse.dbd.go.th/company/profile/0125549002387
0125549003855,ก.ธนวัฒน์สตีลเซนเตอร์  จำกัด,บริษัทจำกัด,ยังดำเนินกิจการอยู่,47524,ร้านขายปลีกวัสดุก่อสร้างอื่นๆ,นนทบุรี,20000000,527515333.3,4429221.19,125760145.73,57631522.21,https://datawarehouse.dbd.go.th/company/profile/0125549003855
0125550046902,กฟผ. อินเตอร์เนชั่นแนล จำกัด,บริษัทจำกัด,ยังดำเนินกิจการอยู่,35102,การจ่ายไฟฟ้า,นนทบุรี,12197400000,4107111141.86,2786535273.25,28046824290.39,25820245392.08,https://datawarehouse.dbd.go.th/company/profile/0125550046902
0125555000129,55555  จำกัด,บริษัทจำกัด,ยังดำเนินกิจการอยู่,47219,ร้านขายปลีกอาหารอื่นๆซึ่งมิได้จัดประเภทไว้ในที่อื่น,นนทบุรี,18000000,178021276.79,500812.97,161310074.39,2935748.29,https://datawarehouse.dbd.go.th/company/profile/0125555000129
0125555012836,กนิษฐาพลาสติก จำกัด,บริษัทจำกัด,ยังดำเนินกิจการอยู่,22220,การผลิตบรรจุภัณฑ์พลาสติก,นนทบุรี,150000000,1134491745.34,9777785.2,853336703.09,227533285.91,https://datawarehouse.dbd.go.th/company/profile/0125555012836
0125556021367,54 นิวัฒน์ ออโต้คาร์ จำกัด,บริษัทจำกัด,ยังดำเนินกิจการอยู่,45103,การขายยานยนต์เก่าชนิดรถยนต์นั่งส่วนบุคคลรถกระบะรถตู้และรถขนาดเล็กที่คล้ายกัน,นนทบุรี,5000000,365136690.67,-866332.14,166170328.11,27535659.96,https://datawarehouse.dbd.go.th/company/profile/0125556021367
0125557013333,กมลา บีช ฮิลล์ไซด์ วิลล่าส์ จำกัด,บริษัทจำกัด,ยังดำเนินกิจการอยู่,68101,การซื้อและการขายอสังหาริมทรัพย์ที่เป็นของตนเอง เพื่อการพักอาศัย,นนทบุรี,5000000,105660889.46,16590957.75,888639646.89,-163149679.44,https://datawarehouse.dbd.go.th/company/profile/0125557013333
0125559028524,กนกพิมพ์ จำกัด,บริษัทจำกัด,ยังดำเนินกิจการอยู่,47732,ร้านขายปลีกเครื่องประดับ,นนทบุรี,15000000,133971526.64,1132929.08,43480961.16,16202124.04,https://datawarehouse.dbd.go.th/company/profile/0125559028524
0125562019581,300 ร่ำรวย(ไทยแลนด์) จำกัด,บริษัทจำกัด,ยังดำเนินกิจการอยู่,47731,ร้านขายปลีกนาฬิกาแว่นตาและอุปกรณ์ถ่ายภาพ,นนทบุรี,11000000,159046044.68,1016713.6,93190165.01,15415630.98,https://datawarehouse.dbd.go.th/company/profile/0125562019581
0125565004216,320 เอสพี จำกัด,บริษัทจำกัด,ยังดำเนินกิจการอยู่,45403,การขายปลีกชิ้นส่วนและอุปกรณ์เสริมใหม่ของจักรยานยนต์,นนทบุรี,10000000,201363823.12,1183191.18,132315144.16,-12080339.93,https://datawarehouse.dbd.go.th/company/profile/0125565004216
0655553000127,3ที อินซูเลชั่น จำกัด,บริษัทจำกัด,ยังดำเนินกิจการอยู่,46639,การขายส่งวัสดุก่อสร้างอื่นๆซึ่งมิได้จัดประเภทไว้ในที่อื่น,นนทบุรี,15000000,146859234.02,4222266.61,80411686.5,35974185.72,https://datawarehouse.dbd.go.th/company/profile/0655553000127
0315546000128,555 ซีเมนต์ จำกัด,บริษัทจำกัด,ยังดำเนินกิจการอยู่,23951,การผลิตผลิตภัณฑ์คอนกรีตเพื่อใช้ในงานก่อสร้าง,บุรีรัมย์,55000000,187214581.53,3840685.38,380293213.9,263449095.46,https://datawarehouse.dbd.go.th/company/profile/0315546000128
0315555000534,555 แอสฟัลท์ จำกัด,บริษัทจำกัด,ยังดำเนินกิจการอยู่,41002,การก่อสร้างอาคารที่ไม่ใช่ที่พักอาศัย,บุรีรัมย์,400000000,107743153.04,7754984.51,461195030.97,423254515.87,https://datawarehouse.dbd.go.th/company/profile/0315555000534
0105555156901,กบินทร์บุรีกล๊าส อินดัสทรี จำกัด,บริษัทจำกัด,ยังดำเนินกิจการอยู่,23109,การผลิตผลิตภัณฑ์แก้วอื่น ๆ ซึ่งมิได้จัดประเภทไว้ในที่อื่น,ปทุมธานี,4068300000,2244272845,1037812,5732224378,3427630057,https://datawarehouse.dbd.go.th/company/profile/0105555156901
0115560029032,16สิงหาคอนสตรัคชั่น จำกัด,บริษัทจำกัด,ยังดำเนินกิจการอยู่,41001,การก่อสร้างอาคารที่พักอาศัย,ปทุมธานี,5000000,126954154.04,3291230.78,40379345.76,34981769.6,https://datawarehouse.dbd.go.th/company/profile/0115560029032
0135536000101,39 แมททีเรียล จำกัด,บริษัทจำกัด,ยังดำเนินกิจการอยู่,46631,การขายส่งอิฐหินปูนทรายและผลิตภัณฑ์คอนกรีต,ปทุมธานี,5000000,1134354096.81,7561189.21,436728714.24,144211384.66,https://datawarehouse.dbd.go.th/company/profile/0135536000101
0135542002811,ก.ภัทรค้าไม้ จำกัด,บริษัทจำกัด,ยังดำเนินกิจการอยู่,16220,การผลิตโครงสร้างที่ใช้ในการก่อสร้างและเครื่องประกอบอาคาร,ปทุมธานี,250000000,551041625.2,2216510.3,611364450.9,202503919.1,https://datawarehouse.dbd.go.th/company/profile/0135542002811
0135547008001,กมล แอนด์ คิน เอ็นจิเนียริ่ง จำกัด,บริษัทจำกัด,ยังดำเนินกิจการอยู่,41002,การก่อสร้างอาคารที่ไม่ใช่ที่พักอาศัย,ปทุมธานี,5000000,240512916.85,15179608.09,240161555.95,142084613.26,https://datawarehouse.dbd.go.th/company/profile/0135547008001
0135554012492,338 อินเตอร์เทรด จำกัด,บริษัทจำกัด,ยังดำเนินกิจการอยู่,47213,ร้านขายปลีกผักและผลไม้,ปทุมธานี,5000000,175086098.3,69958.66,324497715.45,9224367.52,https://datawarehouse.dbd.go.th/company/profile/0135554012492
0135561010327,9 มงกุฎ อินเตอร์เนชั่นแนล เทรดดิ้ง จำกัด,บริษัทจำกัด,ยังดำเนินกิจการอยู่,46313,การขายส่งผักและผลไม้,ปทุมธานี,10000000,334924460.08,376862.26,104824696.56,13930301.66,https://datawarehouse.dbd.go.th/company/profile/0135561010327
0135561014004,23 ทรีฟรุ๊ตโตะ จำกัด,บริษัทจำกัด,ยังดำเนินกิจการอยู่,46313,การขายส่งผักและผลไม้,ปทุมธานี,20000000,229931362.7,593988.87,54430189.16,5568181.68,https://datawarehouse.dbd.go.th/company/profile/0135561014004
0135562003499,289 ฟรุ๊ต เทรดดิ้ง จำกัด,บริษัทจำกัด,ยังดำเนินกิจการอยู่,46313,การขายส่งผักและผลไม้,ปทุมธานี,18000000,1289000484.24,676792.18,113412061.76,20900134.75,https://datawarehouse.dbd.go.th/company/profile/0135562003499
0135563006912,กรชนก ไลฟ์ จำกัด,บริษัทจำกัด,ยังดำเนินกิจการอยู่,49339,การขนส่งสินค้าอื่นๆทางถนนซึ่งมิได้จัดประเภทไว้ในที่อื่น,ปทุมธานี,5000000,124369265.86,4488475.68,17955742.13,12008479.13,https://datawarehouse.dbd.go.th/company/profile/0135563006912
0105535113769,304 อินดัสเตรียล ปาร์ค จำกัด,บริษัทจำกัด,ยังดำเนินกิจการอยู่,68102,การซื้อและการขายอสังหาริมทรัพย์ที่เป็นของตนเองที่ไม่ใช่ เพื่อเป็นที่พักอาศัย,ปราจีนบุรี,830000000,293768106.88,35511680.68,1407720557.79,920902598.29,https://datawarehouse.dbd.go.th/company/profile/0105535113769
0255538000379,กบินทร์บุรีธุรกิจ จำกัด,บริษัทจำกัด,ยังดำเนินกิจการอยู่,47524,ร้านขายปลีกวัสดุก่อสร้างอื่นๆ,ปราจีนบุรี,20000000,298343300.57,4377433.58,100865196.36,57368955.03,https://datawarehouse.dbd.go.th/company/profile/0255538000379
0255542000248,กรชัยสหพัฒน  จำกัด,บริษัทจำกัด,ยังดำเนินกิจการอยู่,47739,ร้านขายปลีกสินค้าใหม่อื่นๆซึ่งมิได้จัดประเภทไว้ในทื่อื่น,ปราจีนบุรี,6000000,861375316.36,16525837.94,235971500.3,121849266.55,https://datawarehouse.dbd.go.th/company/profile/0255542000248
0255548000495,304 อินดัสเตรียล ปาร์ค 7 จำกัด,บริษัทจำกัด,ยังดำเนินกิจการอยู่,68102,การซื้อและการขายอสังหาริมทรัพย์ที่เป็นของตนเองที่ไม่ใช่ เพื่อเป็นที่พักอาศัย,ปราจีนบุรี,1500000000,1195272429.95,303694501.15,3472849778.95,2928507486.11,https://datawarehouse.dbd.go.th/company/profile/0255548000495
0255551000743,กม.199 ซัพพลาย จำกัด,บริษัทจำกัด,ยังดำเนินกิจการอยู่,46593,การขายส่งเครื่องจักรและอุปกรณ์เพื่อใช้ในงานอุตสาหกรรม,ปราจีนบุรี,5000000,302872676.45,18544842.77,173457995.71,84085052.44,https://datawarehouse.dbd.go.th/company/profile/0255551000743
0255562001304,304 พลาซ่า จำกัด,บริษัทจำกัด,ยังดำเนินกิจการอยู่,68104,การเช่าและการดำเนินการเกี่ยวกับอสังหาริมทรัพย์ที่เป็นของ ตนเองหรือเช่าจากผู้อื่นที่ไม่ใช่เพื่อเป็นที่พักอาศัย,ปราจีนบุรี,125080000,156610131.13,9426348.01,519564973.19,187949503.57,https://datawarehouse.dbd.go.th/company/profile/0255562001304
0145547001499,145 ศรีอยุธยาคอนกรีต จำกัด,บริษัทจำกัด,ยังดำเนินกิจการอยู่,23951,การผลิตผลิตภัณฑ์คอนกรีตเพื่อใช้ในงานก่อสร้าง,พระนครศรีอยุธยา,30000000,962282817.97,17346151.99,372500254.65,211138206.33,https://datawarehouse.dbd.go.th/company/profile/0145547001499
0145548000054,4 น.โชคพัฒนา จำกัด,บริษัทจำกัด,ยังดำเนินกิจการอยู่,46695,การขายส่งของเสียและเศษวัสดุเพื่อนำกลับมาใช้ใหม่,พระนครศรีอยุธยา,10000000,528504395.77,6578476.89,166694481.89,48881002.11,https://datawarehouse.dbd.go.th/company/profile/0145548000054
0145549000791,กรรณสูตรการเกษตร จำกัด,บริษัทจำกัด,ยังดำเนินกิจการอยู่,47734,ร้านขายปลีกสัตว์เลี้ยงและอุปกรณ์ที่เกี่ยวข้อง,พระนครศรีอยุธยา,57300000,334216307.52,3249442.03,100184190.78,60961393.23,https://datawarehouse.dbd.go.th/company/profile/0145549000791
0835544001262,กมลา ดีเวลลอปเม้นต์ จำกัด,บริษัทจำกัด,ยังดำเนินกิจการอยู่,55101,โรงแรม รีสอร์ทและห้องชุด,ภูเก็ต,5000000,101492660.87,31078406.27,96400474.4,85556261.86,https://datawarehouse.dbd.go.th/company/profile/0835544001262
0835560009671,3คิงส์ คอนสตรัคชั่น (ประเทศไทย) จำกัด,บริษัทจำกัด,ยังดำเนินกิจการอยู่,47524,ร้านขายปลีกวัสดุก่อสร้างอื่นๆ,ภูเก็ต,20000000,199159252.26,22447410.38,90013213.33,61680310.77,https://datawarehouse.dbd.go.th/company/profile/0835560009671
0955557000021,ก.เสรียะลา จำกัด,บริษัทจำกัด,ยังดำเนินกิจการอยู่,47300,การขายปลีกเชื้อเพลิงยานยนต์ในร้านค้าเฉพาะ สถานี ปั๊ม,ยะลา,5000000,143143045.67,-440019.47,27067562.46,23846571.95,https://datawarehouse.dbd.go.th/company/profile/0955557000021
0105533125221,กงพัฒนา เอ็นจิเนียริ่ง แอนด์ คอนสตรัคชั่น จำกัด,บริษัทจำกัด,ยังดำเนินกิจการอยู่,43909,กิจกรรมการก่อสร้างเฉพาะด้านอื่นๆซึ่งมิได้จัดประเภทไว้ในที่อื่น,ระยอง,10000000,164876788.3,75092.02,97920226.86,53409996.88,https://datawarehouse.dbd.go.th/company/profile/0105533125221
0105556022789,8 อินฟินิตี้ พาวเวอร์ จำกัด,บริษัทจำกัด,ยังดำเนินกิจการอยู่,46695,การขายส่งของเสียและเศษวัสดุเพื่อนำกลับมาใช้ใหม่,ระยอง,5000000,138806765.67,-929599.14,19036250.22,2894260.93,https://datawarehouse.dbd.go.th/company/profile/0105556022789
0105558095015,4484 โฮลดิ้ง จำกัด,บริษัทจำกัด,ยังดำเนินกิจการอยู่,46521,การขายส่งอุปกรณ์และชิ้นส่วนอิเล็กทรอนิกส์,ระยอง,10000000,285875559.09,20346707.8,131044948.26,33634382.89,https://datawarehouse.dbd.go.th/company/profile/0105558095015
0215551003807,365 อัญมณี จำกัด,บริษัทจำกัด,ยังดำเนินกิจการอยู่,68102,การซื้อและการขายอสังหาริมทรัพย์ที่เป็นของตนเองที่ไม่ใช่ เพื่อเป็นที่พักอาศัย,ระยอง,60000000,145909254.63,12354444.63,223636330.04,57995934.77,https://datawarehouse.dbd.go.th/company/profile/0215551003807
0215552001948,3P รีไซเคิล จำกัด,บริษัทจำกัด,ยังดำเนินกิจการอยู่,46695,การขายส่งของเสียและเศษวัสดุเพื่อนำกลับมาใช้ใหม่,ระยอง,23000000,108196361.58,164410.18,76086036.96,40369288.92,https://datawarehouse.dbd.go.th/company/profile/0215552001948
0215565008024,9 อินฟินิตี้ พาวเวอร์ จำกัด,บริษัทจำกัด,ยังดำเนินกิจการอยู่,47300,การขายปลีกเชื้อเพลิงยานยนต์ในร้านค้าเฉพาะ สถานี ปั๊ม,ระยอง,5000000,142049204.6,-462592.67,34334106.77,4208816.52,https://datawarehouse.dbd.go.th/company/profile/0215565008024
0215566014061,24เอ็ม เทคโนโลยีส์ (ประเทศไทย) จำกัด,บริษัทจำกัด,ยังดำเนินกิจการอยู่,46599,การขายส่งเครื่องจักรและอุปกรณ์อื่นๆซึ่งมิได้จัดประเภทไว้ในที่อื่น,ระยอง,2030000000,214992398,-1492016,2173275410,2036535307,https://datawarehouse.dbd.go.th/company/profile/0215566014061
0705563001770,545 ซินเนอร์จี กรุ๊ป จำกัด,บริษัทจำกัด,ยังดำเนินกิจการอยู่,64921,การให้สินเชื่อเพื่อการค้าและการลงทุน,ราชบุรี,20000000,102060726.04,2975188.92,76412398.18,15756051.81,https://datawarehouse.dbd.go.th/company/profile/0705563001770
0455567000134,567 คอร์ปอเรชั่น จำกัด,บริษัทจำกัด,ยังดำเนินกิจการอยู่,92001,กิจกรรมการขายสลากกินแบ่ง,ร้อยเอ็ด,5000000,251625179.44,8009199.79,14660403.26,13009199.79,https://datawarehouse.dbd.go.th/company/profile/0455567000134
0505539004626,168 จำกัด,บริษัทจำกัด,ยังดำเนินกิจการอยู่,46313,การขายส่งผักและผลไม้,ลำพูน,55000000,127583602.92,1666871.7,173731344.35,6197353.28,https://datawarehouse.dbd.go.th/company/profile/0505539004626
0107551000100,2 เอส เมทัล จำกัด (มหาชน),บริษัทมหาชนจำกัด,ยังดำเนินกิจการอยู่,24109,การผลิตเหล็กและเหล็กกล้าขั้นมูลฐานอื่น ๆ ซึ่งมิได้จัดประเภทไว้ในที่อื่น,สงขลา,549997741,7386273000,13128000,2022670000,1830630000,https://datawarehouse.dbd.go.th/company/profile/0107551000100
0905550001812,ก.ชัยแสง ดี.ซี.  จำกัด,บริษัทจำกัด,ยังดำเนินกิจการอยู่,46900,การขายส่งสินค้าทั่วไป,สงขลา,20000000,3755290715,28331522,1077551478,143708695,https://datawarehouse.dbd.go.th/company/profile/0905550001812
0905555001951,168 เทรลเลอร์ทรานสปอร์ต จำกัด,บริษัทจำกัด,ยังดำเนินกิจการอยู่,49323,การขนส่งและขนถ่ายสินค้า รวมถึงคนโดยสาร,สงขลา,53000000,231706965.72,2865113.95,136009649.12,82965422.43,https://datawarehouse.dbd.go.th/company/profile/0905555001951
0105547102741,3 พี โพลีเมอร์ จำกัด,บริษัทจำกัด,ยังดำเนินกิจการอยู่,20131,การผลิตเม็ดพลาสติกและพลาสติกขั้นต้น,สมุทรปราการ,25000000,128676973.39,4899903.04,157262580.54,136404987.63,https://datawarehouse.dbd.go.th/company/profile/0105547102741
0105549099020,ก เจริญ อินดัสเตรียล จำกัด,บริษัทจำกัด,ยังดำเนินกิจการอยู่,45302,การขายปลีกชิ้นส่วนและอุปกรณ์เสริมใหม่ของยานยนต์,สมุทรปราการ,15000000,175173294.44,4155451.6,147696442.83,22621171.62,https://datawarehouse.dbd.go.th/company/profile/0105549099020
0105552052586,3 นก พลาสแพค จำกัด,บริษัทจำกัด,ยังดำเนินกิจการอยู่,22220,การผลิตบรรจุภัณฑ์พลาสติก,สมุทรปราการ,15000000,781465595.7,9787291.62,232370778.36,51145627.25,https://datawarehouse.dbd.go.th/company/profile/0105552052586
0105554138810,14 ออโตโมทีฟ  จำกัด,บริษัทจำกัด,ยังดำเนินกิจการอยู่,45101,การขายยานยนต์ใหม่ชนิดรถยนต์นั่งส่วนบุคคลรถกระบะรถตู้ และรถขนาดเล็กที่คล้ายกัน,สมุทรปราการ,60000000,785557518.65,4381968.94,499721804.34,86983947.52,https://datawarehouse.dbd.go.th/company/profile/0105554138810
0105556099170,916 เคซี จำกัด,บริษัทจำกัด,ยังดำเนินกิจการอยู่,81210,การบริการทำความสะอาดทั่วไปของตัวอาคาร,สมุทรปราการ,30000000,107734839.5,4009537.97,55428820.55,5385726.89,https://datawarehouse.dbd.go.th/company/profile/0105556099170
0115542003086,218 คอนสตรัคชั่น จำกัด,บริษัทจำกัด,ยังดำเนินกิจการอยู่,41002,การก่อสร้างอาคารที่ไม่ใช่ที่พักอาศัย,สมุทรปราการ,30000000,184507513.91,3199519.6,98564446.86,61747767.36,https://datawarehouse.dbd.go.th/company/profile/0115542003086
0115543006518,กนกวรรณไทยเทรดดิ้ง จำกัด,บริษัทจำกัด,ยังดำเนินกิจการอยู่,46319,การขายส่งผลิตภัณฑ์อาหารอื่นๆซึ่งมิได้จัดประเภทไว้ในที่อื่น,สมุทรปราการ,5000000,215892161.08,2359312,34125409.16,4898019.77,https://datawarehouse.dbd.go.th/company/profile/0115543006518
0115551012343,ก.ธนวัฒน์ เมทอล จำกัด,บริษัทจำกัด,ยังดำเนินกิจการอยู่,46622,การขายส่งเหล็กเหล็กกล้าและโลหะที่นอกกลุ่มเหล็กขั้นมูลฐาน,สมุทรปราการ,15000000,399511263.46,197781.54,90252158.34,32584279.82,https://datawarehouse.dbd.go.th/company/profile/0115551012343
0125564034146,545 ร่ำรวย จำกัด,บริษัทจำกัด,ยังดำเนินกิจการอยู่,46109,การขายส่งสินค้าทั่วไปโดยได้รับค่าตอบแทนหรือตามสัญญาจ้าง,สมุทรปราการ,5000000,100381465.29,5047495.56,11813227.58,10279526.12,https://datawarehouse.dbd.go.th/company/profile/0125564034146
0755543000026,กมลลักษณ์ อลูมินั่ม จำกัด,บริษัทจำกัด,ยังดำเนินกิจการอยู่,46622,การขายส่งเหล็กเหล็กกล้าและโลหะที่นอกกลุ่มเหล็กขั้นมูลฐาน,สมุทรสงคราม,5000000,102645681.88,2542399.23,75543264.94,24644172.16,https://datawarehouse.dbd.go.th/company/profile/0755543000026
0115547006679,กงไกร สตีล จำกัด,บริษัทจำกัด,ยังดำเนินกิจการอยู่,46622,การขายส่งเหล็กเหล็กกล้าและโลหะที่นอกกลุ่มเหล็กขั้นมูลฐาน,สมุทรสาคร,93000000,967271981,346539,467065894,142016948,https://datawarehouse.dbd.go.th/company/profile/0115547006679
0745546000884,ก.รัตนกฤต จำกัด,บริษัทจำกัด,ยังดำเนินกิจการอยู่,22220,การผลิตบรรจุภัณฑ์พลาสติก,สมุทรสาคร,30000000,497058735.88,9797902.88,282880314.16,70746115.67,https://datawarehouse.dbd.go.th/company/profile/0745546000884
0745556004670,368 ค้าเหล็ก จำกัด,บริษัทจำกัด,ยังดำเนินกิจการอยู่,46695,การขายส่งของเสียและเศษวัสดุเพื่อนำกลับมาใช้ใหม่,สมุทรสาคร,5000000,328997676.9,2108115.39,18111212.92,14073416.51,https://datawarehouse.dbd.go.th/company/profile/0745556004670
0745557004550,168 สยามอินเตอร์กรุ๊ป จำกัด,บริษัทจำกัด,ยังดำเนินกิจการอยู่,46622,การขายส่งเหล็กเหล็กกล้าและโลหะที่นอกกลุ่มเหล็กขั้นมูลฐาน,สมุทรสาคร,300000000,213698794.31,-13026071.14,618961460.16,124387170.57,https://datawarehouse.dbd.go.th/company/profile/0745557004550
0195551000701,168 ขนส่งออยล์ จำกัด,บริษัทจำกัด,ยังดำเนินกิจการอยู่,46612,การขายส่งเชื้อเพลิงเหลว,สระบุรี,5000000,148115513.41,103937.47,42486518.73,10614970.79,https://datawarehouse.dbd.go.th/company/profile/0195551000701
0725552000084,55 เกษตร จำกัด,บริษัทจำกัด,ยังดำเนินกิจการอยู่,46692,การขายส่งปุ๋ยและเคมีภัณฑ์ทางการเกษตร,สุพรรณบุรี,10000000,324166201.89,1045579.3,119208829.59,9539762.78,https://datawarehouse.dbd.go.th/company/profile/0725552000084
0845553002268,39 ศิลาทอง จำกัด,บริษัทจำกัด,ยังดำเนินกิจการอยู่,07299,การทำเหมืองสินแร่โลหะนอกกลุ่มสินแร่เหล็กอื่น ๆ ซึ่งมิได้จัด ประเภทไว้ในที่อื่น,สุราษฎร์ธานี,35000000,195386861.93,7622766.5,259912538.28,79724385.43,https://datawarehouse.dbd.go.th/company/profile/0845553002268
0845561005131,ก.กิจบายพาส จำกัด,บริษัทจำกัด,ยังดำเนินกิจการอยู่,47300,การขายปลีกเชื้อเพลิงยานยนต์ในร้านค้าเฉพาะ สถานี ปั๊ม,สุราษฎร์ธานี,5000000,192176721.3,1133549.44,22038032.21,10247901.08,https://datawarehouse.dbd.go.th/company/profile/0845561005131
0415537000730,21 ศตวรรษเวชกิจ จำกัด,บริษัทจำกัด,ยังดำเนินกิจการอยู่,86101,กิจกรรมโรงพยาบาล,อุดรธานี,50000000,203251276.79,9536277.53,267774744.72,109590253.38,https://datawarehouse.dbd.go.th/company/profile/0415537000730
0575560004362,666 (ประเทศไทย) จำกัด,บริษัทจำกัด,ยังดำเนินกิจการอยู่,46313,การขายส่งผักและผลไม้,เชียงราย,20000000,102083893.63,3027364.53,357895165.14,-7814917.1,https://datawarehouse.dbd.go.th/company/profile/0575560004362
0505556011511,118 ทริปเปิ้ล พี  จำกัด,บริษัทจำกัด,ยังดำเนินกิจการอยู่,46209,การขายส่งวัตถุดิบอื่นๆทางการเกษตรซึ่งมิได้จัดประเภทไว้ในที่อื่น,เชียงใหม่,40000000,804333192.41,2996961.78,156742734.72,54270452.73,https://datawarehouse.dbd.go.th/company/profile/0505556011511
0505564003107,999 ดีเวลลอปเม้นท์ เชียงใหม่ จำกัด,บริษัทจำกัด,ยังดำเนินกิจการอยู่,68101,การซื้อและการขายอสังหาริมทรัพย์ที่เป็นของตนเอง เพื่อการพักอาศัย,เชียงใหม่,90000000,236280391.35,11293073.99,386213161.3,106782306.26,https://datawarehouse.dbd.go.th/company/profile/0505564003107
0425558000259,3 ดี เฮ้าส์ คอนสตรัคชั่น จำกัด,บริษัทจำกัด,ยังดำเนินกิจการอยู่,41002,การก่อสร้างอาคารที่ไม่ใช่ที่พักอาศัย,เลย,5000000,142919297.66,4915547.43,66041130.82,19871030.46,https://datawarehouse.dbd.go.th/company/profile/0425558000259
